{
  "train_loss": [
    1.792646153330803,
    1.4247655477523804,
    1.921748851776123,
    2.0297590894699096,
    2.0654635639190673,
    1.8454400815963745,
    1.656952709197998,
    1.4194709005355834,
    1.1641090321540832,
    1.0578269577026367,
    0.9595096263885498,
    0.821054391860962,
    0.7655393333435059,
    0.9131652364730835,
    0.6657769260406494,
    0.9040372838973999,
    0.8636872873306275,
    0.7343710851669312,
    0.6098395037651062,
    0.5087552089691162,
    0.7168110041618347,
    0.6939517660140991,
    0.5642982950210571,
    0.4816617031097412,
    0.44890492153167727,
    0.5526013059616088,
    0.45812389087677,
    0.41712781047821046,
    0.40274553203582764,
    0.399105447769165,
    0.45775321292877197,
    0.5643149204254151,
    0.41445126247406006,
    0.4103655481338501,
    0.39096773529052736,
    0.3621895065307617,
    0.4004506196975708
  ],
  "val_loss": [
    1.2236291666030883,
    1.376720485687256,
    2.17731697845459,
    2.1159939875602722,
    2.0342428855895998,
    1.8547868881225587,
    1.4683370838165284,
    1.1446303577423096,
    1.0736237001419067,
    1.06195103931427,
    0.804456708431244,
    0.909066614151001,
    0.7841468982696533,
    0.8534921436309815,
    0.8003169322013854,
    0.9376196479797363,
    0.7349234862327576,
    0.8500724201202392,
    0.7382217903137207,
    0.644315902709961,
    0.6566096572875977,
    0.7154287929534913,
    0.5747833261489869,
    0.6311560230255127,
    0.7250285129547119,
    0.7000671110153198,
    0.5677991847991943,
    0.634245257139206,
    0.5884198608398438,
    0.6708184080123901,
    0.5582409172058106,
    0.536079521894455,
    0.5735814771652221,
    0.5224937102794647,
    0.5011027946472167,
    0.5051908848285676,
    0.5540894279479981
  ],
  "train_acc": [
    0.1595,
    0.2935,
    0.2145,
    0.177,
    0.163,
    0.244,
    0.305,
    0.446,
    0.583,
    0.629,
    0.683,
    0.787,
    0.823,
    0.6615,
    0.844,
    0.686,
    0.642,
    0.742,
    0.867,
    0.9265,
    0.763,
    0.749,
    0.8865,
    0.9385,
    0.942,
    0.8685,
    0.933,
    0.952,
    0.953,
    0.9575,
    0.926,
    0.858,
    0.954,
    0.963,
    0.963,
    0.968,
    0.957
  ],
  "val_acc": [
    0.338,
    0.238,
    0.128,
    0.158,
    0.17,
    0.268,
    0.482,
    0.626,
    0.66,
    0.642,
    0.766,
    0.76,
    0.792,
    0.73,
    0.812,
    0.676,
    0.796,
    0.67,
    0.822,
    0.864,
    0.91,
    0.744,
    0.85,
    0.884,
    0.844,
    0.79,
    0.928,
    0.902,
    0.906,
    0.824,
    0.89,
    0.898,
    0.894,
    0.928,
    0.906,
    0.928,
    0.902
  ],
  "lr": [
    0.001,
    0.001,
    0.001,
    0.001,
    0.001,
    0.001,
    0.0005,
    0.0005,
    0.0005,
    0.0005,
    0.0005,
    0.0005,
    0.0005,
    0.0005,
    0.0005,
    0.0005,
    0.0005,
    0.0005,
    0.0005,
    0.0005,
    0.0005,
    0.0005,
    0.0005,
    0.0005,
    0.0005,
    0.0005,
    0.0005,
    0.0005,
    0.0005,
    0.0005,
    0.0005,
    0.0005,
    0.0005,
    0.0005,
    0.0005,
    0.0005,
    0.0005
  ]
}